[
    {
        "_id": "5a212f3ecb45fd6d6212f361",
        "title": "",
        "category": "Technology Tricks",
        "category_id": "5a212f12cb45fd6d6212ec6f",
        "serial_number": 3,
        "hack_type": "HCK_TXT",
        "body": "Storing batteries in the freezer can up to double their lifespan.",
        "external_url": "",
        "internal_url": "",
        "__v": 0,
        "meta": {
          "flagged": 0,
          "updated_at": "2018-01-05T10:16:04.875Z",
          "created_at": "2017-12-01T10:30:22.056Z",
          "edits": 70,
          "favorites": 0,
          "upvotes": 35,
          "bookmarks": 28
        },
        "deleted": false,
        "approved": true,
        "hidden": false,
        "videos": [],
        "images": [
          ""
        ],
        "demographic": {
          "country": "global",
          "gender": "all"
        },
        "language": "english",
        "tags": [
          "kids",
          "parents",
          "easy"
        ]
      },
          {
      "_id": "5a212f3ecb45fd6d6212f367",
      "title": "",
      "category": "Technology Tricks",
      "category_id": "5a212f12cb45fd6d6212ec6f",
      "serial_number": 9,
      "hack_type": "HCK_TXT",
      "body": "Using your phone while it's charging can damage the battery. This is why the cords for chargers are so short.",
      "external_url": "",
      "internal_url": "",
      "__v": 0,
      "meta": {
        "flagged": 0,
        "updated_at": "2018-01-05T11:18:01.406Z",
        "created_at": "2017-12-01T10:30:22.059Z",
        "edits": 41,
        "favorites": 0,
        "upvotes": 18,
        "bookmarks": 22
      },
      "deleted": false,
      "approved": true,
      "hidden": false,
      "videos": [],
      "images": [
        ""
      ],
      "demographic": {
        "country": "global",
        "gender": "all"
      },
      "language": "english",
      "tags": [
        "cords",
        "charger",
        "phone",
        "battery"
      ]
    }
]